path,source_label,predicted_class,confidence,needs_review,is_unseen_neysan,selection_reason
dataset/unclean/ambulance/210925845.jpg,ambulance,ambulance,0.5552625060081482,True,False,confidence_below_review_threshold
dataset/unclean/ambulance/214491147.jpg,ambulance,kamyun,0.2701712846755981,True,False,model_disagrees_with_label
dataset/unclean/autobus/199917107.jpg,autobus,minibus,0.6973442435264587,True,False,model_disagrees_with_label
dataset/unclean/autobus/215551069.jpg,autobus,autobus,0.4756477773189544,True,False,confidence_below_review_threshold
dataset/unclean/autobus/217852671.jpg,autobus,autobus,0.4986139833927154,True,False,confidence_below_review_threshold
dataset/unclean/kamyun/200457547.jpg,kamyun,kamyunet,0.760097861289978,True,False,model_disagrees_with_label
dataset/unclean/kamyun/205437377.jpg,kamyun,kamyunet,0.5595316886901855,True,False,model_disagrees_with_label
dataset/unclean/kamyun/215724393.jpg,kamyun,kamyunet,0.9086635112762452,False,False,model_disagrees_with_label
dataset/unclean/kamyun/215816828.jpg,kamyun,kamyunet,0.6697971224784851,True,False,model_disagrees_with_label
dataset/unclean/kamyun/216212208.jpg,kamyun,kamyunet,0.642181932926178,True,False,model_disagrees_with_label
dataset/unclean/kamyun/216792837.jpg,kamyun,kamyunet,0.7503849267959595,True,False,model_disagrees_with_label
dataset/unclean/kamyun/216797255.jpg,kamyun,autobus,0.3891096115112304,True,False,model_disagrees_with_label
dataset/unclean/kamyun/216850292.jpg,kamyun,kamyunet,0.5138489603996277,True,False,model_disagrees_with_label
dataset/unclean/kamyun/216972904.jpg,kamyun,kamyunet,0.7924701571464539,False,False,model_disagrees_with_label
dataset/unclean/kamyun/217998174.jpg,kamyun,kamyunet,0.8269760012626648,False,False,model_disagrees_with_label
dataset/unclean/kamyun/218562521.jpg,kamyun,kamyunet,0.8098288178443909,False,False,model_disagrees_with_label
dataset/unclean/kamyun/218572695.jpg,kamyun,kamyun,0.4704177975654602,True,False,confidence_below_review_threshold
dataset/unclean/kamyun/218576473.jpg,kamyun,kamyunet,0.7979884743690491,False,False,model_disagrees_with_label
dataset/unclean/kamyun/218721747.jpg,kamyun,kamyun,0.3886225819587707,True,False,confidence_below_review_threshold
dataset/unclean/kamyun/218755560.jpg,kamyun,kamyunet,0.767680823802948,True,False,model_disagrees_with_label
dataset/unclean/kamyun/218830724.jpg,kamyun,autobus,0.397135466337204,True,False,model_disagrees_with_label
dataset/unclean/kamyunet/199375942.jpg,kamyunet,kamyunet,0.6381319165229797,True,False,confidence_below_review_threshold
dataset/unclean/kamyunet/211723634.jpg,kamyunet,kamyunet,0.5095927119255066,True,False,confidence_below_review_threshold
dataset/unclean/kamyunet/214359092.jpg,kamyunet,kamyunet,0.7019734978675842,True,False,confidence_below_review_threshold
dataset/unclean/kamyunet/215100998.jpg,kamyunet,kamyun,0.8770889639854431,False,False,model_disagrees_with_label
dataset/unclean/kamyunet/216929918.jpg,kamyunet,kamyun,0.5460618138313293,True,False,model_disagrees_with_label
dataset/unclean/kamyunet/217804557.jpg,kamyunet,kamyun,0.8472841382026672,False,False,model_disagrees_with_label
dataset/unclean/kamyunet/217930620.jpg,kamyunet,kamyun,0.4231682121753692,True,False,model_disagrees_with_label
dataset/unclean/kamyunet/218262985.jpg,kamyunet,kamyunet,0.678259551525116,True,False,confidence_below_review_threshold
dataset/unclean/kamyunet/218375873.jpg,kamyunet,kamyun,0.9668861031532288,False,False,model_disagrees_with_label
dataset/unclean/kamyunet/218884519.jpg,kamyunet,autobus,0.5651810169219971,True,False,model_disagrees_with_label
dataset/unclean/kamyunet/218903080.jpg,kamyunet,kamyunet,0.7503729462623596,True,False,confidence_below_review_threshold
dataset/unclean/kamyunet/218972329.jpg,kamyunet,kamyunet,0.6774365901947021,True,False,confidence_below_review_threshold
dataset/unclean/minibus/210102226.jpg,minibus,minibus,0.6562656164169312,True,False,confidence_below_review_threshold
dataset/unclean/minibus/210102777.jpg,minibus,kamyunet,0.6538040041923523,True,False,model_disagrees_with_label
dataset/unclean/minibus/213300430.jpg,minibus,vanet,0.3833105862140655,True,False,model_disagrees_with_label
dataset/unclean/minibus/213411665.jpg,minibus,taxi,0.5302596688270569,True,False,model_disagrees_with_label
dataset/unclean/minibus/214507352.jpg,minibus,minibus,0.4818360805511474,True,False,confidence_below_review_threshold
dataset/unclean/minibus/215687610.jpg,minibus,minibus,0.4388449490070343,True,False,confidence_below_review_threshold
dataset/unclean/minibus/215771082.jpg,minibus,minibus,0.5244947075843811,True,False,confidence_below_review_threshold
dataset/unclean/minibus/215870097.jpg,minibus,vanet,0.8407433032989502,False,False,model_disagrees_with_label
dataset/unclean/minibus/215872386.jpg,minibus,minibus,0.5437383055686951,True,False,confidence_below_review_threshold
dataset/unclean/minibus/216005190.jpg,minibus,vanet,0.55911785364151,True,False,model_disagrees_with_label
dataset/unclean/minibus/216045431.jpg,minibus,minibus,0.6388822793960571,True,False,confidence_below_review_threshold
dataset/unclean/minibus/216100362.jpg,minibus,minibus,0.6972490549087524,True,False,confidence_below_review_threshold
dataset/unclean/minibus/216421891.jpg,minibus,minibus,0.5583297610282898,True,False,confidence_below_review_threshold
dataset/unclean/minibus/216874507.jpg,minibus,minibus,0.5043581128120422,True,False,confidence_below_review_threshold
dataset/unclean/minibus/218466798.jpg,minibus,vanet,0.4056794047355652,True,False,model_disagrees_with_label
dataset/unclean/minibus/218542930.jpg,minibus,kamyunet,0.3926168382167816,True,False,model_disagrees_with_label
dataset/unclean/neysan/195478008.jpg,neysan,vanet,0.9996775388717652,False,True,unseen_class
dataset/unclean/neysan/195575409.jpg,neysan,vanet,0.9912096261978148,False,True,unseen_class
dataset/unclean/neysan/195728454.jpg,neysan,vanet,0.966288447380066,False,True,unseen_class
dataset/unclean/neysan/195988970.jpg,neysan,vanet,0.9427700042724608,False,True,unseen_class
dataset/unclean/neysan/197253666.jpg,neysan,vanet,0.9898541569709778,False,True,unseen_class
dataset/unclean/neysan/197852665.jpg,neysan,vanet,0.9994853734970092,False,True,unseen_class
dataset/unclean/neysan/198251219.jpg,neysan,vanet,0.9896071553230286,False,True,unseen_class
dataset/unclean/neysan/198415918.jpg,neysan,vanet,0.9946957230567932,False,True,unseen_class
dataset/unclean/neysan/198488181.jpg,neysan,vanet,0.7382668256759644,True,True,unseen_class
dataset/unclean/neysan/198504276.jpg,neysan,vanet,0.9889267683029176,False,True,unseen_class
dataset/unclean/neysan/198879422.jpg,neysan,vanet,0.987180769443512,False,True,unseen_class
dataset/unclean/neysan/199759650.jpg,neysan,vanet,0.9990358352661132,False,True,unseen_class
dataset/unclean/neysan/200420286.jpg,neysan,vanet,0.9945312142372132,False,True,unseen_class
dataset/unclean/neysan/201094953.jpg,neysan,vanet,0.9922106266021729,False,True,unseen_class
dataset/unclean/neysan/202667629.jpg,neysan,vanet,0.9849586486816406,False,True,unseen_class
dataset/unclean/neysan/202856843.jpg,neysan,vanet,0.9960970282554626,False,True,unseen_class
dataset/unclean/neysan/206133475.jpg,neysan,vanet,0.995583474636078,False,True,unseen_class
dataset/unclean/neysan/206134330.jpg,neysan,vanet,0.9959155917167664,False,True,unseen_class
dataset/unclean/neysan/206357127.jpg,neysan,vanet,0.9976563453674316,False,True,unseen_class
dataset/unclean/neysan/207200870.jpg,neysan,vanet,0.9764866232872008,False,True,unseen_class
dataset/unclean/neysan/207850008.jpg,neysan,vanet,0.99740332365036,False,True,unseen_class
dataset/unclean/neysan/207857872.jpg,neysan,vanet,0.987800121307373,False,True,unseen_class
dataset/unclean/neysan/208678784.jpg,neysan,vanet,0.9551393985748292,False,True,unseen_class
dataset/unclean/neysan/208758342.jpg,neysan,vanet,0.8559308052062988,False,True,unseen_class
dataset/unclean/neysan/209943473.jpg,neysan,vanet,0.9756954312324524,False,True,unseen_class
dataset/unclean/neysan/210603202.jpg,neysan,vanet,0.9936634302139282,False,True,unseen_class
dataset/unclean/neysan/211683675.jpg,neysan,vanet,0.9904200434684752,False,True,unseen_class
dataset/unclean/neysan/211979013.jpg,neysan,autobus,0.5419101715087891,True,True,unseen_class
dataset/unclean/neysan/212131849.jpg,neysan,taxi,0.6241008043289185,True,True,unseen_class
dataset/unclean/neysan/212188576.jpg,neysan,autobus,0.36341193318367,True,True,unseen_class
dataset/unclean/neysan/212400936.jpg,neysan,autobus,0.7763339877128601,False,True,unseen_class
dataset/unclean/neysan/212486564.jpg,neysan,vanet,0.993459939956665,False,True,unseen_class
dataset/unclean/neysan/213349964.jpg,neysan,vanet,0.9995267391204834,False,True,unseen_class
dataset/unclean/neysan/213632816.jpg,neysan,vanet,0.9982131719589232,False,True,unseen_class
dataset/unclean/neysan/214500693.jpg,neysan,vanet,0.9946345090866088,False,True,unseen_class
dataset/unclean/neysan/214838660.jpg,neysan,vanet,0.8978334665298462,False,True,unseen_class
dataset/unclean/neysan/216417392.jpg,neysan,vanet,0.9991807341575624,False,True,unseen_class
dataset/unclean/neysan/217090683.jpg,neysan,vanet,0.8559304475784302,False,True,unseen_class
dataset/unclean/neysan/217554061.jpg,neysan,vanet,0.8569800853729248,False,True,unseen_class
dataset/unclean/neysan/217698430.jpg,neysan,vanet,0.992038369178772,False,True,unseen_class
dataset/unclean/neysan/217784730.jpg,neysan,vanet,0.9945167899131776,False,True,unseen_class
dataset/unclean/neysan/217990722.jpg,neysan,vanet,0.9584472179412842,False,True,unseen_class
dataset/unclean/neysan/218352401.jpg,neysan,vanet,0.9999197721481324,False,True,unseen_class
dataset/unclean/neysan/218594379.jpg,neysan,vanet,0.9970809817314148,False,True,unseen_class
dataset/unclean/neysan/218706427.jpg,neysan,vanet,0.9975196719169616,False,True,unseen_class
dataset/unclean/neysan/218847866.jpg,neysan,vanet,0.3531413972377777,True,True,unseen_class
dataset/unclean/neysan/218970336.jpg,neysan,vanet,0.957880437374115,False,True,unseen_class
dataset/unclean/neysan/219016956.jpg,neysan,vanet,0.886901319026947,False,True,unseen_class
dataset/unclean/neysan/219111121.jpg,neysan,kamyun,0.4865769445896148,True,True,unseen_class
dataset/unclean/neysan/219117401.jpg,neysan,vanet,0.6304007768630981,True,True,unseen_class
dataset/unclean/savari/195800847.jpg,savari,savari,0.7523713111877441,True,False,confidence_below_review_threshold
dataset/unclean/savari/211383068.jpg,savari,savari,0.5765912532806396,True,False,confidence_below_review_threshold
dataset/unclean/savari/214318978.jpg,savari,taxi,0.5019124150276184,True,False,model_disagrees_with_label
dataset/unclean/savari/214848779.jpg,savari,savari,0.4877906441688537,True,False,confidence_below_review_threshold
dataset/unclean/savari/216080208.jpg,savari,savari,0.6961604952812195,True,False,confidence_below_review_threshold
dataset/unclean/savari/216751233.jpg,savari,savari,0.7477495670318604,True,False,confidence_below_review_threshold
dataset/unclean/savari/217768353.jpg,savari,taxi,0.4870891273021698,True,False,model_disagrees_with_label
dataset/unclean/savari/217945404.jpg,savari,taxi,0.9205883145332336,False,False,model_disagrees_with_label
dataset/unclean/taxi/214761981.jpg,taxi,taxi,0.618026852607727,True,False,confidence_below_review_threshold
dataset/unclean/taxi/215503531.jpg,taxi,taxi,0.6902127861976624,True,False,confidence_below_review_threshold
dataset/unclean/taxi/217106962.jpg,taxi,taxi,0.6932634711265564,True,False,confidence_below_review_threshold
dataset/unclean/taxi/217918556.jpg,taxi,taxi,0.4157727360725403,True,False,confidence_below_review_threshold
dataset/unclean/taxi/218212988.jpg,taxi,taxi,0.6067054271697998,True,False,confidence_below_review_threshold
dataset/unclean/vanet/205896670.jpg,vanet,vanet,0.4302784502506256,True,False,confidence_below_review_threshold
dataset/unclean/vanet/207074343.jpg,vanet,savari,0.8332812190055847,False,False,model_disagrees_with_label
dataset/unclean/vanet/208570612.jpg,vanet,vanet,0.7311269044876099,True,False,confidence_below_review_threshold
dataset/unclean/vanet/209913836.jpg,vanet,savari,0.6762281656265259,True,False,model_disagrees_with_label
dataset/unclean/vanet/212662044.jpg,vanet,vanet,0.5771766901016235,True,False,confidence_below_review_threshold
dataset/unclean/vanet/215996114.jpg,vanet,autobus,0.5800934433937073,True,False,model_disagrees_with_label
