source_path,destination_path,class_name,confidence,status
dataset/unclean/autobus/199713076.jpg,dataset/cleaned_unclean/autobus/199713076.jpg,autobus,0.9018690586090088,moved
dataset/unclean/autobus/200699667.jpg,dataset/cleaned_unclean/autobus/200699667.jpg,autobus,0.9075943827629088,moved
dataset/unclean/autobus/215161403.jpg,dataset/cleaned_unclean/autobus/215161403.jpg,autobus,0.8363712430000305,moved
dataset/unclean/autobus/215521655.jpg,dataset/cleaned_unclean/autobus/215521655.jpg,autobus,0.8280325531959534,moved
dataset/unclean/autobus/215587537.jpg,dataset/cleaned_unclean/autobus/215587537.jpg,autobus,0.9310409426689148,moved
dataset/unclean/autobus/215685399.jpg,dataset/cleaned_unclean/autobus/215685399.jpg,autobus,0.9603287577629088,moved
dataset/unclean/autobus/215825871.jpg,dataset/cleaned_unclean/autobus/215825871.jpg,autobus,0.97176593542099,moved
dataset/unclean/autobus/215856085.jpg,dataset/cleaned_unclean/autobus/215856085.jpg,autobus,0.983205497264862,moved
dataset/unclean/autobus/216256289.jpg,dataset/cleaned_unclean/autobus/216256289.jpg,autobus,0.9400028586387634,moved
dataset/unclean/autobus/216324107.jpg,dataset/cleaned_unclean/autobus/216324107.jpg,autobus,0.9322893619537354,moved
dataset/unclean/autobus/217200065.jpg,dataset/cleaned_unclean/autobus/217200065.jpg,autobus,0.7722877264022827,moved
dataset/unclean/autobus/218634883.jpg,dataset/cleaned_unclean/autobus/218634883.jpg,autobus,0.8875769972801208,moved
dataset/unclean/kamyun/199575055.jpg,dataset/cleaned_unclean/kamyun/199575055.jpg,kamyun,0.8372410535812378,moved
dataset/unclean/kamyun/203161511.jpg,dataset/cleaned_unclean/kamyun/203161511.jpg,kamyun,0.7955461740493774,moved
dataset/unclean/kamyun/218182764.jpg,dataset/cleaned_unclean/kamyun/218182764.jpg,kamyun,0.8188678026199341,moved
dataset/unclean/kamyunet/202209206.jpg,dataset/cleaned_unclean/kamyunet/202209206.jpg,kamyunet,0.7766730785369873,moved
dataset/unclean/kamyunet/217000128.jpg,dataset/cleaned_unclean/kamyunet/217000128.jpg,kamyunet,0.7756745219230652,moved
dataset/unclean/kamyunet/217957904.jpg,dataset/cleaned_unclean/kamyunet/217957904.jpg,kamyunet,0.8881404399871826,moved
dataset/unclean/minibus/195904076.jpg,dataset/cleaned_unclean/minibus/195904076.jpg,minibus,0.8176860809326172,moved
dataset/unclean/savari/198098595.jpg,dataset/cleaned_unclean/savari/198098595.jpg,savari,0.8893182277679443,moved
dataset/unclean/savari/198468980.jpg,dataset/cleaned_unclean/savari/198468980.jpg,savari,0.7885700464248657,moved
dataset/unclean/savari/212357584.jpg,dataset/cleaned_unclean/savari/212357584.jpg,savari,0.8012167811393738,moved
dataset/unclean/savari/216014638.jpg,dataset/cleaned_unclean/savari/216014638.jpg,savari,0.8919297456741333,moved
dataset/unclean/savari/217040826.jpg,dataset/cleaned_unclean/savari/217040826.jpg,savari,0.8837142586708069,moved
dataset/unclean/savari/217108489.jpg,dataset/cleaned_unclean/savari/217108489.jpg,savari,0.8734261393547058,moved
dataset/unclean/savari/217408734.jpg,dataset/cleaned_unclean/savari/217408734.jpg,savari,0.8705726265907288,moved
dataset/unclean/savari/217430133.jpg,dataset/cleaned_unclean/savari/217430133.jpg,savari,0.8039826154708862,moved
dataset/unclean/savari/217510361.jpg,dataset/cleaned_unclean/savari/217510361.jpg,savari,0.8505432605743408,moved
dataset/unclean/savari/217678723.jpg,dataset/cleaned_unclean/savari/217678723.jpg,savari,0.7935417890548706,moved
dataset/unclean/savari/217746881.jpg,dataset/cleaned_unclean/savari/217746881.jpg,savari,0.905156433582306,moved
dataset/unclean/savari/217841511.jpg,dataset/cleaned_unclean/savari/217841511.jpg,savari,0.777358889579773,moved
dataset/unclean/savari/218467171.jpg,dataset/cleaned_unclean/savari/218467171.jpg,savari,0.8815003037452698,moved
dataset/unclean/savari/218713286.jpg,dataset/cleaned_unclean/savari/218713286.jpg,savari,0.904287338256836,moved
dataset/unclean/savari/218954447.jpg,dataset/cleaned_unclean/savari/218954447.jpg,savari,0.8280767798423767,moved
dataset/unclean/taxi/215840117.jpg,dataset/cleaned_unclean/taxi/215840117.jpg,taxi,0.8374144434928894,moved
dataset/unclean/taxi/216241992.jpg,dataset/cleaned_unclean/taxi/216241992.jpg,taxi,0.9167678952217102,moved
dataset/unclean/taxi/216780403.jpg,dataset/cleaned_unclean/taxi/216780403.jpg,taxi,0.8295614123344421,moved
dataset/unclean/taxi/216875057.jpg,dataset/cleaned_unclean/taxi/216875057.jpg,taxi,0.7726566195487976,moved
dataset/unclean/vanet/198363928.jpg,dataset/cleaned_unclean/vanet/198363928.jpg,vanet,0.8400459289550781,moved
dataset/unclean/vanet/208582339.jpg,dataset/cleaned_unclean/vanet/208582339.jpg,vanet,0.8836224675178528,moved
dataset/unclean/vanet/209233623.jpg,dataset/cleaned_unclean/vanet/209233623.jpg,vanet,0.9061993956565856,moved
