experiment,display_name,category,architecture,loss,best_epoch,validation_accuracy,validation_macro_precision,validation_macro_recall,validation_macro_f1,elapsed_seconds
resnet18_fine_tuning,ResNet18 fine-tuning,transfer,resnet18,cross_entropy,80,0.9156626506024096,0.9222521551724139,0.9152568922305764,0.9164706248336936,186.6508238000024
bce_loss,BCEWithLogitsLoss,ablation,cnn,bce,80,0.8855421686746988,0.8868064753075143,0.8798024472947074,0.8818075399194945,211.9168378999966
weight_decay_1e-4,Weight decay 1e-4,ablation,cnn,cross_entropy,78,0.8734939759036144,0.8823386172650878,0.8696833996756597,0.8716020303513213,207.64270949999627
dropout_0_5,Dropout p=0.5,ablation,cnn,cross_entropy,70,0.8734939759036144,0.8739039294207385,0.8693857806280407,0.8702594199885221,202.64494459999696
dropout_0_3,Dropout p=0.3,ablation,cnn,cross_entropy,64,0.8674698795180723,0.8761244316567206,0.8679603420315495,0.8679191981021249,205.83402240000578
cnn_baseline,CNN baseline,ablation,cnn,cross_entropy,73,0.8614457831325302,0.8749963924963925,0.8604599734630695,0.8635337210949533,205.19743249999738
resnet18_feature_extraction,ResNet18 feature extraction,transfer,resnet18,cross_entropy,45,0.8614457831325302,0.8817512408568443,0.8575372254164824,0.8605742649715273,179.6717282000027
no_augmentation,No augmentation,ablation,cnn,cross_entropy,61,0.8614457831325302,0.860192414112861,0.8611464322571134,0.8591751450304081,152.32246399999713
best_regularized,Best regularized + scheduled,main,cnn,cross_entropy,63,0.8554216867469879,0.8645662111586953,0.8483985699542975,0.8528951677189044,214.48314750000281
step_lr,StepLR,ablation,cnn,cross_entropy,62,0.8313253012048193,0.8356878983477449,0.8343855963438007,0.8337437278999971,222.29813390000345
avg_pool,Average pooling,ablation,cnn,cross_entropy,80,0.8313253012048193,0.8472298914249379,0.82640608875129,0.8327843821264874,198.33224580000388
imbalanced_standard,Imbalanced + standard batches,imbalance,cnn,cross_entropy,70,0.7590361445783133,0.7659330925352598,0.7578818369453044,0.7568470088398098,254.2781185999993
imbalanced_balanced,Imbalanced + balanced batches,imbalance,cnn,cross_entropy,65,0.6927710843373494,0.7417404946474715,0.6953127303553,0.6930258340237961,245.35016970000288
