path,source_label,predicted_class,confidence,needs_review,is_unseen_neysan
dataset/unclean/ambulance/210925845.jpg,ambulance,ambulance,0.5552625060081482,True,False
dataset/unclean/ambulance/214491147.jpg,ambulance,kamyun,0.27017128467559814,True,False
dataset/unclean/autobus/199713076.jpg,autobus,autobus,0.9018690586090088,False,False
dataset/unclean/autobus/199917107.jpg,autobus,minibus,0.6973442435264587,True,False
dataset/unclean/autobus/200699667.jpg,autobus,autobus,0.9075943827629089,False,False
dataset/unclean/autobus/215161403.jpg,autobus,autobus,0.8363712430000305,False,False
dataset/unclean/autobus/215521655.jpg,autobus,autobus,0.8280325531959534,False,False
dataset/unclean/autobus/215551069.jpg,autobus,autobus,0.47564777731895447,True,False
dataset/unclean/autobus/215587537.jpg,autobus,autobus,0.9310409426689148,False,False
dataset/unclean/autobus/215685399.jpg,autobus,autobus,0.9603287577629089,False,False
dataset/unclean/autobus/215825871.jpg,autobus,autobus,0.97176593542099,False,False
dataset/unclean/autobus/215856085.jpg,autobus,autobus,0.9832054972648621,False,False
dataset/unclean/autobus/216256289.jpg,autobus,autobus,0.9400028586387634,False,False
dataset/unclean/autobus/216324107.jpg,autobus,autobus,0.9322893619537354,False,False
dataset/unclean/autobus/217200065.jpg,autobus,autobus,0.7722877264022827,False,False
dataset/unclean/autobus/217852671.jpg,autobus,autobus,0.49861398339271545,True,False
dataset/unclean/autobus/218634883.jpg,autobus,autobus,0.8875769972801208,False,False
dataset/unclean/kamyun/199575055.jpg,kamyun,kamyun,0.8372410535812378,False,False
dataset/unclean/kamyun/200457547.jpg,kamyun,kamyunet,0.760097861289978,True,False
dataset/unclean/kamyun/203161511.jpg,kamyun,kamyun,0.7955461740493774,False,False
dataset/unclean/kamyun/205437377.jpg,kamyun,kamyunet,0.5595316886901855,True,False
dataset/unclean/kamyun/215724393.jpg,kamyun,kamyunet,0.9086635112762451,False,False
dataset/unclean/kamyun/215816828.jpg,kamyun,kamyunet,0.6697971224784851,True,False
dataset/unclean/kamyun/216212208.jpg,kamyun,kamyunet,0.642181932926178,True,False
dataset/unclean/kamyun/216792837.jpg,kamyun,kamyunet,0.7503849267959595,True,False
dataset/unclean/kamyun/216797255.jpg,kamyun,autobus,0.38910961151123047,True,False
dataset/unclean/kamyun/216850292.jpg,kamyun,kamyunet,0.5138489603996277,True,False
dataset/unclean/kamyun/216972904.jpg,kamyun,kamyunet,0.7924701571464539,False,False
dataset/unclean/kamyun/217998174.jpg,kamyun,kamyunet,0.8269760012626648,False,False
dataset/unclean/kamyun/218182764.jpg,kamyun,kamyun,0.8188678026199341,False,False
dataset/unclean/kamyun/218562521.jpg,kamyun,kamyunet,0.8098288178443909,False,False
dataset/unclean/kamyun/218572695.jpg,kamyun,kamyun,0.4704177975654602,True,False
dataset/unclean/kamyun/218576473.jpg,kamyun,kamyunet,0.7979884743690491,False,False
dataset/unclean/kamyun/218721747.jpg,kamyun,kamyun,0.38862258195877075,True,False
dataset/unclean/kamyun/218755560.jpg,kamyun,kamyunet,0.767680823802948,True,False
dataset/unclean/kamyun/218830724.jpg,kamyun,autobus,0.397135466337204,True,False
dataset/unclean/kamyunet/199375942.jpg,kamyunet,kamyunet,0.6381319165229797,True,False
dataset/unclean/kamyunet/202209206.jpg,kamyunet,kamyunet,0.7766730785369873,False,False
dataset/unclean/kamyunet/211723634.jpg,kamyunet,kamyunet,0.5095927119255066,True,False
dataset/unclean/kamyunet/214359092.jpg,kamyunet,kamyunet,0.7019734978675842,True,False
dataset/unclean/kamyunet/215100998.jpg,kamyunet,kamyun,0.8770889639854431,False,False
dataset/unclean/kamyunet/216929918.jpg,kamyunet,kamyun,0.5460618138313293,True,False
dataset/unclean/kamyunet/217000128.jpg,kamyunet,kamyunet,0.7756745219230652,False,False
dataset/unclean/kamyunet/217804557.jpg,kamyunet,kamyun,0.8472841382026672,False,False
dataset/unclean/kamyunet/217930620.jpg,kamyunet,kamyun,0.42316821217536926,True,False
dataset/unclean/kamyunet/217957904.jpg,kamyunet,kamyunet,0.8881404399871826,False,False
dataset/unclean/kamyunet/218262985.jpg,kamyunet,kamyunet,0.678259551525116,True,False
dataset/unclean/kamyunet/218375873.jpg,kamyunet,kamyun,0.9668861031532288,False,False
dataset/unclean/kamyunet/218884519.jpg,kamyunet,autobus,0.5651810169219971,True,False
dataset/unclean/kamyunet/218903080.jpg,kamyunet,kamyunet,0.7503729462623596,True,False
dataset/unclean/kamyunet/218972329.jpg,kamyunet,kamyunet,0.6774365901947021,True,False
dataset/unclean/minibus/195904076.jpg,minibus,minibus,0.8176860809326172,False,False
dataset/unclean/minibus/210102226.jpg,minibus,minibus,0.6562656164169312,True,False
dataset/unclean/minibus/210102777.jpg,minibus,kamyunet,0.6538040041923523,True,False
dataset/unclean/minibus/213300430.jpg,minibus,vanet,0.38331058621406555,True,False
dataset/unclean/minibus/213411665.jpg,minibus,taxi,0.5302596688270569,True,False
dataset/unclean/minibus/214507352.jpg,minibus,minibus,0.48183608055114746,True,False
dataset/unclean/minibus/215687610.jpg,minibus,minibus,0.4388449490070343,True,False
dataset/unclean/minibus/215771082.jpg,minibus,minibus,0.5244947075843811,True,False
dataset/unclean/minibus/215870097.jpg,minibus,vanet,0.8407433032989502,False,False
dataset/unclean/minibus/215872386.jpg,minibus,minibus,0.5437383055686951,True,False
dataset/unclean/minibus/216005190.jpg,minibus,vanet,0.55911785364151,True,False
dataset/unclean/minibus/216045431.jpg,minibus,minibus,0.6388822793960571,True,False
dataset/unclean/minibus/216100362.jpg,minibus,minibus,0.6972490549087524,True,False
dataset/unclean/minibus/216421891.jpg,minibus,minibus,0.5583297610282898,True,False
dataset/unclean/minibus/216874507.jpg,minibus,minibus,0.5043581128120422,True,False
dataset/unclean/minibus/218466798.jpg,minibus,vanet,0.4056794047355652,True,False
dataset/unclean/minibus/218542930.jpg,minibus,kamyunet,0.3926168382167816,True,False
dataset/unclean/neysan/195478008.jpg,neysan,vanet,0.9996775388717651,False,True
dataset/unclean/neysan/195575409.jpg,neysan,vanet,0.9912096261978149,False,True
dataset/unclean/neysan/195728454.jpg,neysan,vanet,0.9662884473800659,False,True
dataset/unclean/neysan/195988970.jpg,neysan,vanet,0.9427700042724609,False,True
dataset/unclean/neysan/197253666.jpg,neysan,vanet,0.9898541569709778,False,True
dataset/unclean/neysan/197852665.jpg,neysan,vanet,0.9994853734970093,False,True
dataset/unclean/neysan/198251219.jpg,neysan,vanet,0.9896071553230286,False,True
dataset/unclean/neysan/198415918.jpg,neysan,vanet,0.9946957230567932,False,True
dataset/unclean/neysan/198488181.jpg,neysan,vanet,0.7382668256759644,True,True
dataset/unclean/neysan/198504276.jpg,neysan,vanet,0.9889267683029175,False,True
dataset/unclean/neysan/198879422.jpg,neysan,vanet,0.987180769443512,False,True
dataset/unclean/neysan/199759650.jpg,neysan,vanet,0.9990358352661133,False,True
dataset/unclean/neysan/200420286.jpg,neysan,vanet,0.9945312142372131,False,True
dataset/unclean/neysan/201094953.jpg,neysan,vanet,0.9922106266021729,False,True
dataset/unclean/neysan/202667629.jpg,neysan,vanet,0.9849586486816406,False,True
dataset/unclean/neysan/202856843.jpg,neysan,vanet,0.9960970282554626,False,True
dataset/unclean/neysan/206133475.jpg,neysan,vanet,0.9955834746360779,False,True
dataset/unclean/neysan/206134330.jpg,neysan,vanet,0.9959155917167664,False,True
dataset/unclean/neysan/206357127.jpg,neysan,vanet,0.9976563453674316,False,True
dataset/unclean/neysan/207200870.jpg,neysan,vanet,0.9764866232872009,False,True
dataset/unclean/neysan/207850008.jpg,neysan,vanet,0.9974033236503601,False,True
dataset/unclean/neysan/207857872.jpg,neysan,vanet,0.987800121307373,False,True
dataset/unclean/neysan/208678784.jpg,neysan,vanet,0.9551393985748291,False,True
dataset/unclean/neysan/208758342.jpg,neysan,vanet,0.8559308052062988,False,True
dataset/unclean/neysan/209943473.jpg,neysan,vanet,0.9756954312324524,False,True
dataset/unclean/neysan/210603202.jpg,neysan,vanet,0.9936634302139282,False,True
dataset/unclean/neysan/211683675.jpg,neysan,vanet,0.9904200434684753,False,True
dataset/unclean/neysan/211979013.jpg,neysan,autobus,0.5419101715087891,True,True
dataset/unclean/neysan/212131849.jpg,neysan,taxi,0.6241008043289185,True,True
dataset/unclean/neysan/212188576.jpg,neysan,autobus,0.36341193318367004,True,True
dataset/unclean/neysan/212400936.jpg,neysan,autobus,0.7763339877128601,False,True
dataset/unclean/neysan/212486564.jpg,neysan,vanet,0.993459939956665,False,True
dataset/unclean/neysan/213349964.jpg,neysan,vanet,0.9995267391204834,False,True
dataset/unclean/neysan/213632816.jpg,neysan,vanet,0.9982131719589233,False,True
dataset/unclean/neysan/214500693.jpg,neysan,vanet,0.9946345090866089,False,True
dataset/unclean/neysan/214838660.jpg,neysan,vanet,0.8978334665298462,False,True
dataset/unclean/neysan/216417392.jpg,neysan,vanet,0.9991807341575623,False,True
dataset/unclean/neysan/217090683.jpg,neysan,vanet,0.8559304475784302,False,True
dataset/unclean/neysan/217554061.jpg,neysan,vanet,0.8569800853729248,False,True
dataset/unclean/neysan/217698430.jpg,neysan,vanet,0.992038369178772,False,True
dataset/unclean/neysan/217784730.jpg,neysan,vanet,0.9945167899131775,False,True
dataset/unclean/neysan/217990722.jpg,neysan,vanet,0.9584472179412842,False,True
dataset/unclean/neysan/218352401.jpg,neysan,vanet,0.9999197721481323,False,True
dataset/unclean/neysan/218594379.jpg,neysan,vanet,0.9970809817314148,False,True
dataset/unclean/neysan/218706427.jpg,neysan,vanet,0.9975196719169617,False,True
dataset/unclean/neysan/218847866.jpg,neysan,vanet,0.3531413972377777,True,True
dataset/unclean/neysan/218970336.jpg,neysan,vanet,0.957880437374115,False,True
dataset/unclean/neysan/219016956.jpg,neysan,vanet,0.886901319026947,False,True
dataset/unclean/neysan/219111121.jpg,neysan,kamyun,0.48657694458961487,True,True
dataset/unclean/neysan/219117401.jpg,neysan,vanet,0.6304007768630981,True,True
dataset/unclean/savari/195800847.jpg,savari,savari,0.7523713111877441,True,False
dataset/unclean/savari/198098595.jpg,savari,savari,0.8893182277679443,False,False
dataset/unclean/savari/198468980.jpg,savari,savari,0.7885700464248657,False,False
dataset/unclean/savari/211383068.jpg,savari,savari,0.5765912532806396,True,False
dataset/unclean/savari/212357584.jpg,savari,savari,0.8012167811393738,False,False
dataset/unclean/savari/214318978.jpg,savari,taxi,0.5019124150276184,True,False
dataset/unclean/savari/214848779.jpg,savari,savari,0.48779064416885376,True,False
dataset/unclean/savari/216014638.jpg,savari,savari,0.8919297456741333,False,False
dataset/unclean/savari/216080208.jpg,savari,savari,0.6961604952812195,True,False
dataset/unclean/savari/216751233.jpg,savari,savari,0.7477495670318604,True,False
dataset/unclean/savari/217040826.jpg,savari,savari,0.8837142586708069,False,False
dataset/unclean/savari/217108489.jpg,savari,savari,0.8734261393547058,False,False
dataset/unclean/savari/217408734.jpg,savari,savari,0.8705726265907288,False,False
dataset/unclean/savari/217430133.jpg,savari,savari,0.8039826154708862,False,False
dataset/unclean/savari/217510361.jpg,savari,savari,0.8505432605743408,False,False
dataset/unclean/savari/217678723.jpg,savari,savari,0.7935417890548706,False,False
dataset/unclean/savari/217746881.jpg,savari,savari,0.9051564335823059,False,False
dataset/unclean/savari/217768353.jpg,savari,taxi,0.4870891273021698,True,False
dataset/unclean/savari/217841511.jpg,savari,savari,0.777358889579773,False,False
dataset/unclean/savari/217945404.jpg,savari,taxi,0.9205883145332336,False,False
dataset/unclean/savari/218467171.jpg,savari,savari,0.8815003037452698,False,False
dataset/unclean/savari/218713286.jpg,savari,savari,0.9042873382568359,False,False
dataset/unclean/savari/218954447.jpg,savari,savari,0.8280767798423767,False,False
dataset/unclean/taxi/214761981.jpg,taxi,taxi,0.618026852607727,True,False
dataset/unclean/taxi/215503531.jpg,taxi,taxi,0.6902127861976624,True,False
dataset/unclean/taxi/215840117.jpg,taxi,taxi,0.8374144434928894,False,False
dataset/unclean/taxi/216241992.jpg,taxi,taxi,0.9167678952217102,False,False
dataset/unclean/taxi/216780403.jpg,taxi,taxi,0.8295614123344421,False,False
dataset/unclean/taxi/216875057.jpg,taxi,taxi,0.7726566195487976,False,False
dataset/unclean/taxi/217106962.jpg,taxi,taxi,0.6932634711265564,True,False
dataset/unclean/taxi/217918556.jpg,taxi,taxi,0.4157727360725403,True,False
dataset/unclean/taxi/218212988.jpg,taxi,taxi,0.6067054271697998,True,False
dataset/unclean/vanet/198363928.jpg,vanet,vanet,0.8400459289550781,False,False
dataset/unclean/vanet/205896670.jpg,vanet,vanet,0.4302784502506256,True,False
dataset/unclean/vanet/207074343.jpg,vanet,savari,0.8332812190055847,False,False
dataset/unclean/vanet/208570612.jpg,vanet,vanet,0.7311269044876099,True,False
dataset/unclean/vanet/208582339.jpg,vanet,vanet,0.8836224675178528,False,False
dataset/unclean/vanet/209233623.jpg,vanet,vanet,0.9061993956565857,False,False
dataset/unclean/vanet/209913836.jpg,vanet,savari,0.6762281656265259,True,False
dataset/unclean/vanet/212662044.jpg,vanet,vanet,0.5771766901016235,True,False
dataset/unclean/vanet/215996114.jpg,vanet,autobus,0.5800934433937073,True,False
